"id","parent_id","name","code","account_type","tag_ids","reconcile","non_trade"
"p10000000","","Share Capital","10000000","equity","l10n_in.account_tag_share_capital","False",""
"p10000001","p10000000","Equity Share Capital","10000001","equity","l10n_in.account_tag_share_capital","False",""
"p10100000","","Capital Reserves","10100000","equity","l10n_in.account_tag_reserves_surplus","False",""
"p10100050","","Capital Redemption Reserve","10100050","equity","l10n_in.account_tag_reserves_surplus","False",""
"p10100100","","Securities Premium","10100100","equity","l10n_in.account_tag_reserves_surplus","False",""
"p10100150","","Debenture Redemption Reserve","10100150","equity","l10n_in.account_tag_reserves_surplus","False",""
"p10100200","","Revaluation Reserve","10100200","equity","l10n_in.account_tag_reserves_surplus","False",""
"p10100250","","Share Options Outstanding Account","10100250","equity","l10n_in.account_tag_reserves_surplus","False",""
"p10100300","","Other Reserves","10100300","equity","l10n_in.account_tag_reserves_surplus","False",""
"p10100350","","Surplus / Retained Earning","10100350","equity","l10n_in.account_tag_reserves_surplus","False",""
"p10100351","p10100350","Reserve And Surplus Account","10100351","equity","l10n_in.account_tag_reserves_surplus","False",""
"p10200000","","Money received against share warrants","10200000","equity","l10n_in.account_tag_money_received_against_share_warrants","False",""
"p11000000","","Share application money pending allotment","11000000","equity","l10n_in.account_tag_share_application_money_pending_allotment","False",""
"p12000000","","Bonds/Debenture - Secured","12000000","liability_non_current","l10n_in.account_tag_long_term_borrowings","False",""
"p12000050","","Bonds/Debenture - Unsecured","12000050","liability_non_current","l10n_in.account_tag_long_term_borrowings","False",""
"p12000100","","Term Loan from Banks - Secured","12000100","liability_non_current","l10n_in.account_tag_long_term_borrowings","False",""
"p12000101","p12000100","Long Term Secured Loan Account","12000101","liability_non_current","l10n_in.account_tag_long_term_borrowings","False",""
"p12000150","","Term Loan from Banks - Unsecured","12000150","liability_non_current","l10n_in.account_tag_long_term_borrowings","False",""
"p12000151","p12000150","Long Term Unsecured Loan Account","12000151","liability_non_current","l10n_in.account_tag_long_term_borrowings","False",""
"p12000200","","Term Loan from Others - Secured","12000200","liability_non_current","l10n_in.account_tag_long_term_borrowings","False",""
"p12000250","","Term Loan from Others - Unsecured","12000250","liability_non_current","l10n_in.account_tag_long_term_borrowings","False",""
"p12000300","","Deferred payment liabilities - Secured","12000300","liability_non_current","l10n_in.account_tag_long_term_borrowings","False",""
"p12000350","","Deferred payment liabilities - Unsecured","12000350","liability_non_current","l10n_in.account_tag_long_term_borrowings","False",""
"p12000400","","LT - Deposits Taken - Secured","12000400","liability_non_current","l10n_in.account_tag_long_term_borrowings","False",""
"p12000450","","LT - Deposits Taken - Unsecured","12000450","liability_non_current","l10n_in.account_tag_long_term_borrowings","False",""
"p12000500","","LT - Loans and advances from related parties - Secured","12000500","liability_non_current","l10n_in.account_tag_long_term_borrowings","False",""
"p12000550","","LT - Loans and advances from related parties - Unsecured","12000550","liability_non_current","l10n_in.account_tag_long_term_borrowings","False",""
"p12000600","","LT - Maturities of finance lease obligations - Secured","12000600","liability_non_current","l10n_in.account_tag_long_term_borrowings","False",""
"p12000650","","LT - Maturities of finance lease obligations - Unsecured","12000650","liability_non_current","l10n_in.account_tag_long_term_borrowings","False",""
"p12000700","","LT - Other loans and advances - Secured","12000700","liability_non_current","l10n_in.account_tag_long_term_borrowings","False",""
"p12000750","","LT - Other loans and advances - Unsecured","12000750","liability_non_current","l10n_in.account_tag_long_term_borrowings","False",""
"p12100000","","LT - Deferred Tax Liabilities","12100000","liability_non_current","l10n_in.account_tag_deferred_tax_liabilities","False",""
"p12200000","","LT - Trade Payables - MSME","12200000","liability_non_current","l10n_in.account_tag_other_long_term_liabilities","False",""
"p12200050","","LT - Trade Payables - Other than MSME","12200050","liability_non_current","l10n_in.account_tag_other_long_term_liabilities","False",""
"p12200100","","LT - Other liabilties","12200100","liability_non_current","l10n_in.account_tag_other_long_term_liabilities","False",""
"p12200101","p12200100","Other Long term liabilties","12200101","liability_non_current","l10n_in.account_tag_other_long_term_liabilities","False",""
"p12300000","","LT - Provision for employee benefits","12300000","liability_non_current","l10n_in.account_tag_long_term_provisions","False",""
"p12300050","","LT - Provision for Others","12300050","liability_non_current","l10n_in.account_tag_long_term_provisions","False",""
"p13000000","","ST - Loans repayable on demand from Banks - Secured","13000000","liability_current","l10n_in.account_tag_short_term_borrowings","False",""
"p13000050","","ST - Loans repayable on demand from Banks - Unsecured","13000050","liability_current","l10n_in.account_tag_short_term_borrowings","False",""
"p13000100","","ST - Loans repayable on demand From Other Parties - Secured","13000100","liability_current","l10n_in.account_tag_short_term_borrowings","False",""
"p13000150","","ST - Loans repayable on demand From Other Parties - Unsecured","13000150","liability_current","l10n_in.account_tag_short_term_borrowings","False",""
"p13000200","","ST - Loans and advances from related parties - Secured","13000200","liability_current","l10n_in.account_tag_short_term_borrowings","False",""
"p13000250","","ST - Loans and advances from related parties - Unsecured","13000250","liability_current","l10n_in.account_tag_short_term_borrowings","False",""
"p13000300","","ST - Deposits Taken - Secured","13000300","liability_current","l10n_in.account_tag_short_term_borrowings","False",""
"p13000350","","ST - Deposits Taken - Unsecured","13000350","liability_current","l10n_in.account_tag_short_term_borrowings","False",""
"p13000400","","ST - Other loans and advances - Secured","13000400","liability_current","l10n_in.account_tag_short_term_borrowings","False",""
"p13000450","","ST - Other loans and advances - Unsecured","13000450","liability_current","l10n_in.account_tag_short_term_borrowings","False",""
"p13000500","","ST - Current maturities of long-term borrowings","13000500","liability_current","l10n_in.account_tag_short_term_borrowings","False",""
"p13100000","","Total outstanding dues of micro enterprises and small enterprises","13100000","liability_payable","l10n_in.account_tag_trade_payables","True",""
"p13100001","p13100000","Creditors - Micro & Small Enterprise","13100001","liability_payable","l10n_in.account_tag_trade_payables","True",""
"p13100050","","Total outstanding dues of creditors other than micro enterprises and small enterprises","13100050","liability_payable","l10n_in.account_tag_trade_payables","True",""
"p13100051","p13100050","Creditors - Other than Micro & Small Enterprise","13100051","liability_payable","l10n_in.account_tag_trade_payables","True",""
"p13200000","","Current maturities of finance lease obligations","13200000","liability_current","l10n_in.account_tag_other_current_liabilities","False",""
"p13200050","","Interest accrued but not due on borrowings","13200050","liability_current","l10n_in.account_tag_other_current_liabilities","False",""
"p13200100","","Interest accrued and due on borrowings","13200100","liability_current","l10n_in.account_tag_other_current_liabilities","False",""
"p13200150","","Income received in advance / Unearned Revenue","13200150","liability_current","l10n_in.account_tag_other_current_liabilities","False",""
"p13200200","","Unpaid dividends","13200200","liability_current","l10n_in.account_tag_other_current_liabilities","False",""
"p13200250","","Application money received for allotment of securities and due for refund and interest accrued thereon","13200250","liability_current","l10n_in.account_tag_other_current_liabilities","False",""
"p13200300","","Unpaid matured deposits and interest thereon","13200300","liability_current","l10n_in.account_tag_other_current_liabilities","False",""
"p13200350","","Unpaid matured debentures and interest thereon","13200350","liability_current","l10n_in.account_tag_other_current_liabilities","False",""
"p13200400","","Other current liabilities payables","13200400","liability_current","l10n_in.account_tag_other_current_liabilities","False",""
"p13200450","","Other current liabilities","13200450","liability_current","l10n_in.account_tag_other_current_liabilities","False",""
"p13200451","p13200450","Salary Payable","13200451","liability_current","l10n_in.account_tag_other_current_liabilities","False",""
"p13200461","p13200450","Wages Payable","13200461","liability_current","l10n_in.account_tag_other_current_liabilities","False",""
"p13200471","p13200450","Interest Payable","13200471","liability_current","l10n_in.account_tag_other_current_liabilities","False",""
"p13200481","p13200450","Notes Payable","13200481","liability_current","l10n_in.account_tag_other_current_liabilities","False",""
"p13200491","p13200450","TDS Deducted","13200491","liability_current","l10n_in.account_tag_other_current_liabilities","False",""
"p13200501","p13200450","TDS Payable to Department","13200501","liability_current","l10n_in.account_tag_other_current_liabilities","False",""
"p13200511","p13200450","TCS Payable","13200511","liability_current","l10n_in.account_tag_other_current_liabilities","False",""
"p13200521","p13200450","TCS Collected","13200521","liability_current","l10n_in.account_tag_other_current_liabilities","False",""
"p13200531","p13200450","CGST Payable","13200531","liability_current","l10n_in.account_tag_other_current_liabilities","False",""
"p13200541","p13200450","SGST Payable","13200541","liability_current","l10n_in.account_tag_other_current_liabilities","False",""
"p13200551","p13200450","IGST Payable","13200551","liability_current","l10n_in.account_tag_other_current_liabilities","False",""
"p13200561","p13200450","IGST Payable - Export","13200561","liability_current","l10n_in.account_tag_other_current_liabilities","False",""
"p13200571","p13200450","CESS Payable","13200571","liability_current","l10n_in.account_tag_other_current_liabilities","False",""
"p13200581","p13200450","GST RCM Control Account","13200581","liability_current","l10n_in.account_tag_other_current_liabilities","False",""
"p13200591","p13200450","Deferred Income - Current Liabilities","13200591","liability_current","l10n_in.account_tag_other_current_liabilities","False",""
"p13300000","","Provision for Employee Benefits","13300000","liability_current","l10n_in.account_tag_short_term_provisions","False",""
"p13300001","p13300000","Short term Provision for Employee Benefits","13300001","liability_current","l10n_in.account_tag_short_term_provisions","False",""
"p13300050","","Other Short-term Provisions","13300050","liability_current","l10n_in.account_tag_short_term_provisions","False",""
"p13300051","p13300050","Short term Other Provisions","13300051","liability_current","l10n_in.account_tag_short_term_provisions","False",""
"p20000000","","Property, Plant and Equipment","20000000","asset_fixed","l10n_in.account_tag_property_plant_equipment","False",""
"p20000001","p20000000","Land","20000001","asset_fixed","l10n_in.account_tag_property_plant_equipment","False",""
"p20000051","p20000000","Buildings","20000051","asset_fixed","l10n_in.account_tag_property_plant_equipment","False",""
"p20000101","p20000000","Plant and Equipment","20000101","asset_fixed","l10n_in.account_tag_property_plant_equipment","False",""
"p20000151","p20000000","Furniture and Fixtures","20000151","asset_fixed","l10n_in.account_tag_property_plant_equipment","False",""
"p20000201","p20000000","Vehicles","20000201","asset_fixed","l10n_in.account_tag_property_plant_equipment","False",""
"p20000251","p20000000","Office Equipment","20000251","asset_fixed","l10n_in.account_tag_property_plant_equipment","False",""
"p20000301","p20000000","Computer/Laptops","20000301","asset_fixed","l10n_in.account_tag_property_plant_equipment","False",""
"p20001000","","Intangible Assets","20001000","asset_fixed","l10n_in.account_tag_property_plant_equipment","False",""
"p20001001","p20001000","Goodwill","20001001","asset_fixed","l10n_in.account_tag_property_plant_equipment","False",""
"p20001051","p20001000","Brand","20001051","asset_fixed","l10n_in.account_tag_property_plant_equipment","False",""
"p20001101","p20001000","Trademark","20001101","asset_fixed","l10n_in.account_tag_property_plant_equipment","False",""
"p20001151","p20001000","Copyright","20001151","asset_fixed","l10n_in.account_tag_property_plant_equipment","False",""
"p20001200","p20001000","Patent","20001200","asset_fixed","l10n_in.account_tag_property_plant_equipment","False",""
"p20001251","p20001000","Computer Software","20001251","asset_fixed","l10n_in.account_tag_property_plant_equipment","False",""
"p20002000","","Capital work-in-progress","20002000","asset_fixed","l10n_in.account_tag_property_plant_equipment","False",""
"p20002001","p20002000","Buildings - CWIP","20002001","asset_fixed","l10n_in.account_tag_property_plant_equipment","False",""
"p20003000","","Intangible assets under development","20003000","asset_fixed","l10n_in.account_tag_property_plant_equipment","False",""
"p20003001","p20003000","Patent - Under Development","20003001","asset_fixed","l10n_in.account_tag_property_plant_equipment","False",""
"p20100000","","Investment property - non current","20100000","asset_fixed","l10n_in.account_tag_non_current_investments","False",""
"p20100050","","Investments in Equity Instruments - non current","20100050","asset_fixed","l10n_in.account_tag_non_current_investments","False",""
"p20100100","","Investments in preference shares - non current","20100100","asset_fixed","l10n_in.account_tag_non_current_investments","False",""
"p20100150","","Investments in Government or trust securities - non current","20100150","asset_fixed","l10n_in.account_tag_non_current_investments","False",""
"p20100200","","Investments in debentures or bonds - non current","20100200","asset_fixed","l10n_in.account_tag_non_current_investments","False",""
"p20100250","","Investments in Mutual Funds - non current","20100250","asset_fixed","l10n_in.account_tag_non_current_investments","False",""
"p20100300","","Investments in partnership firms - non current","20100300","asset_fixed","l10n_in.account_tag_non_current_investments","False",""
"p20100350","","Other specific non-current investments","20100350","asset_fixed","l10n_in.account_tag_non_current_investments","False",""
"p20200000","","Deferred Tax Assets","20200000","asset_fixed","l10n_in.account_tag_deferred_tax_assets","False",""
"p20300000","","Capital Advances","20300000","asset_fixed","l10n_in.account_tag_long_term_loans_and_advances","False",""
"p20300050","","Loans and advances to related parties - Long Term","20300050","asset_fixed","l10n_in.account_tag_long_term_loans_and_advances","False",""
"p20300100","","Other loans and advances - Assets","20300100","asset_fixed","l10n_in.account_tag_long_term_loans_and_advances","False",""
"p20400000","","Long term Trade Receivables - other non current assets","20400000","asset_fixed","l10n_in.account_tag_other_non_current_assets","False",""
"p20400050","","Security Deposits - other non current assets","20400050","asset_fixed","l10n_in.account_tag_other_non_current_assets","False",""
"p20400100","","Other Specific non-current assets","20400100","asset_fixed","l10n_in.account_tag_other_non_current_assets","False",""
"p21000000","","Investments in Equity Instruments","21000000","asset_current","l10n_in.account_tag_current_investments","False",""
"p21000050","","Investments in preference shares","21000050","asset_current","l10n_in.account_tag_current_investments","False",""
"p21000100","","Investments in Government or trust securities","21000100","asset_current","l10n_in.account_tag_current_investments","False",""
"p21000150","","Investments in debentures or bonds","21000150","asset_current","l10n_in.account_tag_current_investments","False",""
"p21000200","","Investments in Mutual Funds","21000200","asset_current","l10n_in.account_tag_current_investments","False",""
"p21000250","","Investments in partnership firms","21000250","asset_current","l10n_in.account_tag_current_investments","False",""
"p21000300","","Other current investments","21000300","asset_current","l10n_in.account_tag_current_investments","False",""
"p21100000","","Raw Materials","21100000","asset_current","l10n_in.account_tag_inventories","False",""
"p21100050","","Work-in-progress","21100050","asset_current","l10n_in.account_tag_inventories","False",""
"p21100100","","Finished Goods","21100100","asset_current","l10n_in.account_tag_inventories","False",""
"p21100101","p21100100","Inventories Finished Goods","21100101","asset_current","l10n_in.account_tag_inventories","False",""
"p21100150","","Stock-in-trade","21100150","asset_current","l10n_in.account_tag_inventories","False",""
"p21100200","","Stores and Spares","21100200","asset_current","l10n_in.account_tag_inventories","False",""
"p21100250","","Loose Tools","21100250","asset_current","l10n_in.account_tag_inventories","False",""
"p21100300","","Other Inventories","21100300","asset_current","l10n_in.account_tag_inventories","False",""
"p21200000","","Trade Receivables","21200000","asset_receivable","l10n_in.account_tag_trade_receivables","True",""
"p21200001","p21200000","Debtors","21200001","asset_receivable","l10n_in.account_tag_trade_receivables","True",""
"p21200002","p21200000","Debtors (PoS)","21200002","asset_receivable","l10n_in.account_tag_trade_receivables","True",""
"p21300000","","Balances with banks","21300000","asset_cash","l10n_in.account_tag_cash_and_cash_equivalents","False",""
"p21300001","p21300000","Bank Account","21300001","asset_cash","l10n_in.account_tag_cash_and_cash_equivalents","False",""
"p21300050","","Cheques, drafts on hand","21300050","asset_cash","l10n_in.account_tag_cash_and_cash_equivalents","False",""
"p21300051","p21300050","Outstanding Receipts A/c","21300051","asset_cash","l10n_in.account_tag_cash_and_cash_equivalents","False",""
"p21300100","","Cash on Hand","21300100","asset_cash","l10n_in.account_tag_cash_and_cash_equivalents","False",""
"p21300101","p21300100","Cash Account","21300101","asset_cash","l10n_in.account_tag_cash_and_cash_equivalents","False",""
"p21300150","","Others Cash and Cash Equivalents","21300150","asset_cash","l10n_in.account_tag_cash_and_cash_equivalents","False",""
"p21400000","","Loans and advances to related parties","21400000","asset_current","l10n_in.account_tag_short_term_loans_and_advances","False",""
"p21400050","","Others Short-term loans and advnaces","21400050","asset_current","l10n_in.account_tag_short_term_loans_and_advances","False",""
"p21500000","","Other current assets","21500000","asset_current","l10n_in.account_tag_other_current_assets","False",""
"p21500001","p21500000","Prepaid Expenses","21500001","asset_current","l10n_in.account_tag_other_current_assets","False",""
"p21500011","p21500000","Employee Advances - Current Asset","21500011","asset_current","l10n_in.account_tag_other_current_assets","False",""
"p21500021","p21500000","SGST Receivable","21500021","asset_current","l10n_in.account_tag_other_current_assets","False",""
"p21500031","p21500000","CGST Receivable","21500031","asset_current","l10n_in.account_tag_other_current_assets","False",""
"p21500041","p21500000","IGST Receivable","21500041","asset_current","l10n_in.account_tag_other_current_assets","False",""
"p21500051","p21500000","IGST Paid on SEZ/Export Sales","21500051","asset_current","l10n_in.account_tag_other_current_assets","False",""
"p21500061","p21500000","IGST ReceivableIGST SEZ/Export Control Account","21500061","asset_current","l10n_in.account_tag_other_current_assets","False",""
"p21500071","p21500000","CESS Receivable","21500071","asset_current","l10n_in.account_tag_other_current_assets","False",""
"p21500081","p21500000","TDS Receivable","21500081","asset_current","l10n_in.account_tag_other_current_assets","False",""
"p21500091","p21500000","TCS Receivable","21500091","asset_current","l10n_in.account_tag_other_current_assets","False",""
"p21500101","p21500000","Reverse Charge GST on Purchase","21500101","asset_current","l10n_in.account_tag_other_current_assets","False",""
"p21500111","p21500000","Tax Receivable","21500111","asset_current","l10n_in.account_tag_other_current_assets","False",""
"p21500121","p21500000","TDS Control A/c","21500121","asset_current","l10n_in.account_tag_other_current_assets","False",""
"p21500131","p21500000","Liquidity Transfer","21500131","asset_current","l10n_in.account_tag_other_current_assets","False",""
"p21500141","p21500000","Deferred Expenses - Current Assets","21500141","asset_current","l10n_in.account_tag_other_current_assets","False",""
"p30000000","","Local Sales","30000000","income","l10n_in.account_tag_sale_of_products","False",""
"p30000100","","Retail Sales","30000100","income","l10n_in.account_tag_sale_of_products","False",""
"p30000200","","Export Sales","30000200","income","l10n_in.account_tag_sale_of_products","False",""
"p30001000","","Local Services","30001000","income","l10n_in.account_tag_sale_of_services","False",""
"p30001100","","Export Services","30001050","income","l10n_in.account_tag_sale_of_services","False",""
"p30002000","","Scrap Sales","30002000","income","l10n_in.account_tag_other_operating_revenues","False",""
"p31000000","","Interest Income","31000000","income_other","l10n_in.account_tag_interest_income","False",""
"p31001000","","Dividend Income","31001000","income_other","l10n_in.account_tag_dividend_income","False",""
"p31002000","","Gain on Sale of Assets","31002000","income_other","l10n_in.account_tag_net_gain_loss","False",""
"p31003000","","Foreign Exchange Profit","31003000","income_other","l10n_in.account_tag_other_non_operating_income","False",""
"p40000000","","Cost of materials consumed","40000000","expense_direct_cost","l10n_in.account_tag_expenses","False",""
"p40000001","p40000000","Raw Material Purchases","40000001","expense_direct_cost","l10n_in.account_tag_expenses","False",""
"p40000002","p40000000","Freight Inward on Raw Materials","40000002","expense_direct_cost","l10n_in.account_tag_expenses","False",""
"p40000003","p40000000","Customs / Import Duty on Raw Materials","40000003","expense_direct_cost","l10n_in.account_tag_expenses","False",""
"p40000004","p40000000","Octroi / Entry Tax on Materials","40000004","expense_direct_cost","l10n_in.account_tag_expenses","False",""
"p40000005","p40000000","Packing Material Consumed","40000005","expense_direct_cost","l10n_in.account_tag_expenses","False",""
"p40000006","p40000000","Consumables and Stores Consumed","40000006","expense_direct_cost","l10n_in.account_tag_expenses","False",""
"p40000050","","Purchases of Stock-in-Trade","40000050","expense_direct_cost","l10n_in.account_tag_expenses","False",""
"p40000051","p40000050","Purchases of Stock-in-Trade","40000051","expense_direct_cost","l10n_in.account_tag_expenses","False",""
"p40000100","","Changes in inventories of finished goods","40000100","expense_direct_cost","l10n_in.account_tag_expenses","False",""
"p40000101","p40000100","Changes in inventories of finished goods","40000101","expense_direct_cost","l10n_in.account_tag_expenses","False",""
"p40000150","","Changes in inventories of work-in-progress","40000150","expense_direct_cost","l10n_in.account_tag_expenses","False",""
"p40000151","p40000150","Changes in inventories of work-in-progress","40000151","expense_direct_cost","l10n_in.account_tag_expenses","False",""
"p40000200","","Changes in inventories of stock-in-trade","40000200","expense_direct_cost","l10n_in.account_tag_expenses","False",""
"p40000201","p40000200","Changes in inventories of stock-in-trade","40000201","expense_direct_cost","l10n_in.account_tag_expenses","False",""
"p40000250","","Employee benefits expense","40000250","expense","l10n_in.account_tag_expenses","False",""
"p40000251","p40000250","Salaries and Wages","40000251","expense","l10n_in.account_tag_expenses","False",""
"p40000252","p40000250","Contribution to Provident and Other Funds","40000252","expense","l10n_in.account_tag_expenses","False",""
"p40000253","p40000250","Contribution to provident and other funds","40000253","expense","l10n_in.account_tag_expenses","False",""
"p40000254","p40000250","Staff Welfare Expenses","40000254","expense","l10n_in.account_tag_expenses","False",""
"p40000255","p40000250","expense on Employee Stock Option Scheme (ESOP) and Employee Stock Purchase Plan (ESPP)","40000255","expense","l10n_in.account_tag_expenses","False",""
"p40000300","","Finance Costs","40000300","expense","l10n_in.account_tag_expenses","False",""
"p40000301","p40000300","Interest Expenses","40000301","expense","l10n_in.account_tag_expenses","False",""
"p40000302","p40000300","Other Borrowing Costs","40000302","expense","l10n_in.account_tag_expenses","False",""
"p40000303","p40000300","Applicable net gain/loss on foreign currency transactions and translation","40000303","expense","l10n_in.account_tag_expenses","False",""
"p40000350","","Depreciation and amortization expense","40000350","expense_depreciation","l10n_in.account_tag_expenses","False",""
"p40000351","p40000350","Depreciation and amortization expense","40000351","expense_depreciation","l10n_in.account_tag_expenses","False",""
"p40000400","","Other Expenses","40000400","expense_other","l10n_in.account_tag_expenses","False",""
"p40000401","p40000400","Power and fuel","40000401","expense_other","l10n_in.account_tag_expenses","False",""
"p40000402","p40000400","Rent","40000402","expense_other","l10n_in.account_tag_expenses","False",""
"p40000403","p40000400","Repairs to Buildings","40000403","expense_other","l10n_in.account_tag_expenses","False",""
"p40000404","p40000400","Repairs to Machinery","40000404","expense_other","l10n_in.account_tag_expenses","False",""
"p40000405","p40000400","Insurance","40000405","expense_other","l10n_in.account_tag_expenses","False",""
"p40000406","p40000400","Rates and taxes, excluding taxes on income","40000406","expense_other","l10n_in.account_tag_expenses","False",""
"p40000407","p40000400","Miscellaneous expenses","40000407","expense_other","l10n_in.account_tag_expenses","False",""
"p40000408","p40000400","Payment to Auditor as Auditor","40000408","expense_other","l10n_in.account_tag_expenses","False",""
"p40000409","p40000400","Payment to Auditor as Taxation","40000409","expense_other","l10n_in.account_tag_expenses","False",""
"p40000410","p40000400","Payment to Auditor as Law Matters","40000410","expense_other","l10n_in.account_tag_expenses","False",""
"p40000411","p40000400","Payment to Auditor as Other Services","40000411","expense_other","l10n_in.account_tag_expenses","False",""
"p40000412","p40000400","Payment to Auditor for reimbursement of expenses","40000412","expense_other","l10n_in.account_tag_expenses","False",""
